Classification,Year,Period,Period Desc.,Aggregate Level,Is Leaf Code,Trade Flow Code,Trade Flow,Reporter Code,Reporter,Reporter ISO,Partner Code,Partner,Partner ISO,2nd Partner Code,2nd Partner,2nd Partner ISO,Customs Proc. Code,Customs,Mode of Transport Code,Mode of Transport,Commodity Code,Commodity,Qty Unit Code,Qty Unit,Qty,Alt Qty Unit Code,Alt Qty Unit,Alt Qty,Netweight (kg),Gross weight (kg),Trade Value (US$),CIF Trade Value (US$),FOB Trade Value (US$),Flag
H5,2020,2020,2020,6,1,1,Import,31,Azerbaijan,AZE,0,World,WLD,,,,,,,,271129,"Petroleum gases and other gaseous hydrocarbons; in gaseous state, other than natural gas",8,Weight in kilograms,39,,,,39,,12138,,,0
H5,2020,2020,2020,6,1,1,Import,32,Argentina,ARG,0,World,WLD,,,,,,,,271129,"Petroleum gases and other gaseous hydrocarbons; in gaseous state, other than natural gas",8,Weight in kilograms,381,,,,381,,22462,,,0
H5,2020,2020,2020,6,1,1,Import,36,Australia,AUS,0,World,WLD,,,,,,,,271129,"Petroleum gases and other gaseous hydrocarbons; in gaseous state, other than natural gas",8,Weight in kilograms,69383,,,,69383,,1352851,,,0
H5,2020,2020,2020,6,1,2,Export,36,Australia,AUS,0,World,WLD,,,,,,,,271129,"Petroleum gases and other gaseous hydrocarbons; in gaseous state, other than natural gas",8,Weight in kilograms,207353,,,,207353,,994766,,,0
H5,2020,2020,2020,6,1,1,Import,40,Austria,AUT,0,World,WLD,,,,,,,,271129,"Petroleum gases and other gaseous hydrocarbons; in gaseous state, other than natural gas",8,Weight in kilograms,10191,,,,10191,,164674,,,6
H5,2020,2020,2020,6,1,2,Export,40,Austria,AUT,0,World,WLD,,,,,,,,271129,"Petroleum gases and other gaseous hydrocarbons; in gaseous state, other than natural gas",8,Weight in kilograms,441,,,,441,,7855,,,6
H5,2020,2020,2020,6,1,1,Import,51,Armenia,ARM,0,World,WLD,,,,,,,,271129,"Petroleum gases and other gaseous hydrocarbons; in gaseous state, other than natural gas",8,Weight in kilograms,20500,,,,20500,,5842,,,0
H5,2020,2020,2020,6,1,1,Import,52,Barbados,BRB,0,World,WLD,,,,,,,,271129,"Petroleum gases and other gaseous hydrocarbons; in gaseous state, other than natural gas",8,Weight in kilograms,1685,,,,1685,,7033,,,0
H5,2020,2020,2020,6,1,2,Export,52,Barbados,BRB,0,World,WLD,,,,,,,,271129,"Petroleum gases and other gaseous hydrocarbons; in gaseous state, other than natural gas",8,Weight in kilograms,25,,,,25,,150,,,0
H5,2020,2020,2020,6,1,1,Import,56,Belgium,BEL,0,World,WLD,,,,,,,,271129,"Petroleum gases and other gaseous hydrocarbons; in gaseous state, other than natural gas",8,Weight in kilograms,557981,,,,557981,,1277900,,,0
H5,2020,2020,2020,6,1,2,Export,56,Belgium,BEL,0,World,WLD,,,,,,,,271129,"Petroleum gases and other gaseous hydrocarbons; in gaseous state, other than natural gas",8,Weight in kilograms,25263158,,,,25263158,,9323661,,,0
H5,2020,2020,2020,6,1,1,Import,60,Bermuda,BMU,0,World,WLD,,,,,,,,271129,"Petroleum gases and other gaseous hydrocarbons; in gaseous state, other than natural gas",8,Weight in kilograms,1453,,,,1453,,6330,,,0
H5,2020,2020,2020,6,1,1,Import,68,Bolivia (Plurinational State of),BOL,0,World,WLD,,,,,,,,271129,"Petroleum gases and other gaseous hydrocarbons; in gaseous state, other than natural gas",8,Weight in kilograms,479,,,,479,,55139,,,0
H5,2020,2020,2020,6,1,1,Import,70,Bosnia Herzegovina,BIH,0,World,WLD,,,,,,,,271129,"Petroleum gases and other gaseous hydrocarbons; in gaseous state, other than natural gas",8,Weight in kilograms,53059,,,,53059,,97436,,,0
H5,2020,2020,2020,6,1,2,Export,70,Bosnia Herzegovina,BIH,0,World,WLD,,,,,,,,271129,"Petroleum gases and other gaseous hydrocarbons; in gaseous state, other than natural gas",8,Weight in kilograms,180,,,,180,,12309,,,0
H5,2020,2020,2020,6,1,1,Import,72,Botswana,BWA,0,World,WLD,,,,,,,,271129,"Petroleum gases and other gaseous hydrocarbons; in gaseous state, other than natural gas",8,Weight in kilograms,2774449,,,,2774449,,1635501,,,0
H5,2020,2020,2020,6,1,2,Export,72,Botswana,BWA,0,World,WLD,,,,,,,,271129,"Petroleum gases and other gaseous hydrocarbons; in gaseous state, other than natural gas",8,Weight in kilograms,3120,,,,3120,,1777,,,0
H5,2020,2020,2020,6,1,1,Import,76,Brazil,BRA,0,World,WLD,,,,,,,,271129,"Petroleum gases and other gaseous hydrocarbons; in gaseous state, other than natural gas",8,Weight in kilograms,9498,,,,9498,,78038,,,6
H5,2020,2020,2020,6,1,2,Export,76,Brazil,BRA,0,World,WLD,,,,,,,,271129,"Petroleum gases and other gaseous hydrocarbons; in gaseous state, other than natural gas",8,Weight in kilograms,209,,,,209,,2768,,,6
H5,2020,2020,2020,6,1,1,Import,84,Belize,BLZ,0,World,WLD,,,,,,,,271129,"Petroleum gases and other gaseous hydrocarbons; in gaseous state, other than natural gas",8,Weight in kilograms,243,,,,243,,829,,,0
H5,2020,2020,2020,6,1,1,Import,112,Belarus,BLR,0,World,WLD,,,,,,,,271129,"Petroleum gases and other gaseous hydrocarbons; in gaseous state, other than natural gas",8,Weight in kilograms,2418,,,,2418,,30600,,,0
H5,2020,2020,2020,6,1,2,Export,112,Belarus,BLR,0,World,WLD,,,,,,,,271129,"Petroleum gases and other gaseous hydrocarbons; in gaseous state, other than natural gas",8,Weight in kilograms,3164,,,,3164,,3800,,,0
H5,2020,2020,2020,6,1,1,Import,124,Canada,CAN,0,World,WLD,,,,,,,,271129,"Petroleum gases and other gaseous hydrocarbons; in gaseous state, other than natural gas",12,Volume in cubic meters,117210000,,,,,,1278882,,,0
H5,2020,2020,2020,6,1,2,Export,124,Canada,CAN,0,World,WLD,,,,,,,,271129,"Petroleum gases and other gaseous hydrocarbons; in gaseous state, other than natural gas",1,No Quantity,0,,,,,,183562,,,6
H5,2020,2020,2020,6,1,3,Re-Export,124,Canada,CAN,0,World,WLD,,,,,,,,271129,"Petroleum gases and other gaseous hydrocarbons; in gaseous state, other than natural gas",12,Volume in cubic meters,0,,,,0,,126452,,,0
H5,2020,2020,2020,6,1,1,Import,144,Sri Lanka,LKA,0,World,WLD,,,,,,,,271129,"Petroleum gases and other gaseous hydrocarbons; in gaseous state, other than natural gas",8,Weight in kilograms,1,,,,1,,648,,,0
H5,2020,2020,2020,6,1,2,Export,144,Sri Lanka,LKA,0,World,WLD,,,,,,,,271129,"Petroleum gases and other gaseous hydrocarbons; in gaseous state, other than natural gas",8,Weight in kilograms,78,,,,78,,533,,,0
H5,2020,2020,2020,6,1,3,Re-Export,144,Sri Lanka,LKA,0,World,WLD,,,,,,,,271129,"Petroleum gases and other gaseous hydrocarbons; in gaseous state, other than natural gas",8,Weight in kilograms,78,,,,78,,533,,,0
H5,2020,2020,2020,6,1,1,Import,156,China,CHN,0,World,WLD,,,,,,,,271129,"Petroleum gases and other gaseous hydrocarbons; in gaseous state, other than natural gas",8,Weight in kilograms,1948658,,,,1948658,,1155594,,,0
H5,2020,2020,2020,6,1,2,Export,156,China,CHN,0,World,WLD,,,,,,,,271129,"Petroleum gases and other gaseous hydrocarbons; in gaseous state, other than natural gas",8,Weight in kilograms,51830,,,,51830,,661600,,,0
H5,2020,2020,2020,6,1,1,Import,170,Colombia,COL,0,World,WLD,,,,,,,,271129,"Petroleum gases and other gaseous hydrocarbons; in gaseous state, other than natural gas",8,Weight in kilograms,113887,,,,113887,,362374,,,0
H5,2020,2020,2020,6,1,1,Import,191,Croatia,HRV,0,World,WLD,,,,,,,,271129,"Petroleum gases and other gaseous hydrocarbons; in gaseous state, other than natural gas",8,Weight in kilograms,90,,,,90,,19272,,,0
H5,2020,2020,2020,6,1,1,Import,203,Czechia,CZE,0,World,WLD,,,,,,,,271129,"Petroleum gases and other gaseous hydrocarbons; in gaseous state, other than natural gas",8,Weight in kilograms,9554,,,,9554,,93718,,,6
H5,2020,2020,2020,6,1,2,Export,203,Czechia,CZE,0,World,WLD,,,,,,,,271129,"Petroleum gases and other gaseous hydrocarbons; in gaseous state, other than natural gas",8,Weight in kilograms,3774,,,,3774,,63073,,,0
H5,2020,2020,2020,6,1,1,Import,208,Denmark,DNK,0,World,WLD,,,,,,,,271129,"Petroleum gases and other gaseous hydrocarbons; in gaseous state, other than natural gas",8,Weight in kilograms,591865,,,,591865,,311988,,,0
H5,2020,2020,2020,6,1,1,Import,222,El Salvador,SLV,0,World,WLD,,,,,,,,271129,"Petroleum gases and other gaseous hydrocarbons; in gaseous state, other than natural gas",8,Weight in kilograms,4646,,,,4646,,5427,,,0
H5,2020,2020,2020,6,1,1,Import,233,Estonia,EST,0,World,WLD,,,,,,,,271129,"Petroleum gases and other gaseous hydrocarbons; in gaseous state, other than natural gas",8,Weight in kilograms,13622,,,,13622,,55303,,,0
H5,2020,2020,2020,6,1,2,Export,233,Estonia,EST,0,World,WLD,,,,,,,,271129,"Petroleum gases and other gaseous hydrocarbons; in gaseous state, other than natural gas",8,Weight in kilograms,1331,,,,1331,,22124,,,0
H5,2020,2020,2020,6,1,1,Import,246,Finland,FIN,0,World,WLD,,,,,,,,271129,"Petroleum gases and other gaseous hydrocarbons; in gaseous state, other than natural gas",8,Weight in kilograms,1121,,,,1121,,224191,,,6
H5,2020,2020,2020,6,1,2,Export,246,Finland,FIN,0,World,WLD,,,,,,,,271129,"Petroleum gases and other gaseous hydrocarbons; in gaseous state, other than natural gas",8,Weight in kilograms,2267,,,,2267,,70340,,,0
H5,2020,2020,2020,6,1,1,Import,251,France,FRA,0,World,WLD,,,,,,,,271129,"Petroleum gases and other gaseous hydrocarbons; in gaseous state, other than natural gas",8,Weight in kilograms,814263,,,,814263,,1253705,,,0
H5,2020,2020,2020,6,1,2,Export,251,France,FRA,0,World,WLD,,,,,,,,271129,"Petroleum gases and other gaseous hydrocarbons; in gaseous state, other than natural gas",8,Weight in kilograms,14901,,,,14901,,197729,,,0
H5,2020,2020,2020,6,1,1,Import,268,Georgia,GEO,0,World,WLD,,,,,,,,271129,"Petroleum gases and other gaseous hydrocarbons; in gaseous state, other than natural gas",8,Weight in kilograms,66,,,,66,,37235,,,0
H5,2020,2020,2020,6,1,1,Import,276,Germany,DEU,0,World,WLD,,,,,,,,271129,"Petroleum gases and other gaseous hydrocarbons; in gaseous state, other than natural gas",8,Weight in kilograms,685644,,,,685644,,1411009,,,0
H5,2020,2020,2020,6,1,2,Export,276,Germany,DEU,0,World,WLD,,,,,,,,271129,"Petroleum gases and other gaseous hydrocarbons; in gaseous state, other than natural gas",8,Weight in kilograms,79942,,,,79942,,931063,,,0
H5,2020,2020,2020,6,1,1,Import,300,Greece,GRC,0,World,WLD,,,,,,,,271129,"Petroleum gases and other gaseous hydrocarbons; in gaseous state, other than natural gas",8,Weight in kilograms,6443,,,,6443,,107747,,,0
H5,2020,2020,2020,6,1,2,Export,300,Greece,GRC,0,World,WLD,,,,,,,,271129,"Petroleum gases and other gaseous hydrocarbons; in gaseous state, other than natural gas",8,Weight in kilograms,1584,,,,1584,,1899,,,0
H5,2020,2020,2020,6,1,1,Import,320,Guatemala,GTM,0,World,WLD,,,,,,,,271129,"Petroleum gases and other gaseous hydrocarbons; in gaseous state, other than natural gas",8,Weight in kilograms,497,,,,497,,626,,,0
H5,2020,2020,2020,6,1,2,Export,320,Guatemala,GTM,0,World,WLD,,,,,,,,271129,"Petroleum gases and other gaseous hydrocarbons; in gaseous state, other than natural gas",8,Weight in kilograms,80855,,,,80855,,43171,,,0
H5,2020,2020,2020,6,1,1,Import,328,Guyana,GUY,0,World,WLD,,,,,,,,271129,"Petroleum gases and other gaseous hydrocarbons; in gaseous state, other than natural gas",8,Weight in kilograms,178,,,,178,,6314,,,0
H5,2020,2020,2020,6,1,2,Export,328,Guyana,GUY,0,World,WLD,,,,,,,,271129,"Petroleum gases and other gaseous hydrocarbons; in gaseous state, other than natural gas",8,Weight in kilograms,24,,,,24,,19,,,0
H5,2020,2020,2020,6,1,3,Re-Export,328,Guyana,GUY,0,World,WLD,,,,,,,,271129,"Petroleum gases and other gaseous hydrocarbons; in gaseous state, other than natural gas",8,Weight in kilograms,10,,,,10,,9,,,0
H5,2020,2020,2020,6,1,1,Import,344,"China, Hong Kong SAR",HKG,0,World,WLD,,,,,,,,271129,"Petroleum gases and other gaseous hydrocarbons; in gaseous state, other than natural gas",8,Weight in kilograms,39000,,,,39000,,26742,,,0
H5,2020,2020,2020,6,1,2,Export,344,"China, Hong Kong SAR",HKG,0,World,WLD,,,,,,,,271129,"Petroleum gases and other gaseous hydrocarbons; in gaseous state, other than natural gas",8,Weight in kilograms,93000,,,,93000,,298141,,,0
H5,2020,2020,2020,6,1,1,Import,348,Hungary,HUN,0,World,WLD,,,,,,,,271129,"Petroleum gases and other gaseous hydrocarbons; in gaseous state, other than natural gas",8,Weight in kilograms,636,,,,636,,75411,,,6
H5,2020,2020,2020,6,1,2,Export,348,Hungary,HUN,0,World,WLD,,,,,,,,271129,"Petroleum gases and other gaseous hydrocarbons; in gaseous state, other than natural gas",8,Weight in kilograms,14997,,,,14997,,70305,,,6
H5,2020,2020,2020,6,1,1,Import,352,Iceland,ISL,0,World,WLD,,,,,,,,271129,"Petroleum gases and other gaseous hydrocarbons; in gaseous state, other than natural gas",8,Weight in kilograms,32994,,,,,,65930,,,6
H5,2020,2020,2020,6,1,1,Import,360,Indonesia,IDN,0,World,WLD,,,,,,,,271129,"Petroleum gases and other gaseous hydrocarbons; in gaseous state, other than natural gas",8,Weight in kilograms,10859,,,,10859,,97194,,,0
H5,2020,2020,2020,6,1,2,Export,360,Indonesia,IDN,0,World,WLD,,,,,,,,271129,"Petroleum gases and other gaseous hydrocarbons; in gaseous state, other than natural gas",8,Weight in kilograms,6,,,,6,,4,,,0
H5,2020,2020,2020,6,1,1,Import,372,Ireland,IRL,0,World,WLD,,,,,,,,271129,"Petroleum gases and other gaseous hydrocarbons; in gaseous state, other than natural gas",8,Weight in kilograms,12376,,,,12376,,101963,,,0
H5,2020,2020,2020,6,1,2,Export,372,Ireland,IRL,0,World,WLD,,,,,,,,271129,"Petroleum gases and other gaseous hydrocarbons; in gaseous state, other than natural gas",8,Weight in kilograms,1303,,,,1303,,930653,,,0
H5,2020,2020,2020,6,1,1,Import,376,Israel,ISR,0,World,WLD,,,,,,,,271129,"Petroleum gases and other gaseous hydrocarbons; in gaseous state, other than natural gas",8,Weight in kilograms,209596,,,,,,305000,,,6
H5,2020,2020,2020,6,1,1,Import,381,Italy,ITA,0,World,WLD,,,,,,,,271129,"Petroleum gases and other gaseous hydrocarbons; in gaseous state, other than natural gas",8,Weight in kilograms,291750,,,,291750,,477452,,,0
H5,2020,2020,2020,6,1,2,Export,381,Italy,ITA,0,World,WLD,,,,,,,,271129,"Petroleum gases and other gaseous hydrocarbons; in gaseous state, other than natural gas",8,Weight in kilograms,114311,,,,114311,,1990376,,,0
H5,2020,2020,2020,6,1,1,Import,392,Japan,JPN,0,World,WLD,,,,,,,,271129,"Petroleum gases and other gaseous hydrocarbons; in gaseous state, other than natural gas",8,Weight in kilograms,2304,,,,,,3353,,,6
H5,2020,2020,2020,6,1,2,Export,392,Japan,JPN,0,World,WLD,,,,,,,,271129,"Petroleum gases and other gaseous hydrocarbons; in gaseous state, other than natural gas",8,Weight in kilograms,320092,,,,,,271446,,,6
H5,2020,2020,2020,6,1,1,Import,400,Jordan,JOR,0,World,WLD,,,,,,,,271129,"Petroleum gases and other gaseous hydrocarbons; in gaseous state, other than natural gas",8,Weight in kilograms,17450,,,,,,25392,,,6
H5,2020,2020,2020,6,1,2,Export,400,Jordan,JOR,0,World,WLD,,,,,,,,271129,"Petroleum gases and other gaseous hydrocarbons; in gaseous state, other than natural gas",1,No Quantity,0,,,,0,,2760,,,6
H5,2020,2020,2020,6,1,3,Re-Export,400,Jordan,JOR,0,World,WLD,,,,,,,,271129,"Petroleum gases and other gaseous hydrocarbons; in gaseous state, other than natural gas",1,No Quantity,0,,,,0,,1577,,,0
H5,2020,2020,2020,6,1,1,Import,404,Kenya,KEN,0,World,WLD,,,,,,,,271129,"Petroleum gases and other gaseous hydrocarbons; in gaseous state, other than natural gas",8,Weight in kilograms,222,,,,222,,1870,,,0
H5,2020,2020,2020,6,1,2,Export,404,Kenya,KEN,0,World,WLD,,,,,,,,271129,"Petroleum gases and other gaseous hydrocarbons; in gaseous state, other than natural gas",8,Weight in kilograms,6308,,,,6308,,27243,,,0
H5,2020,2020,2020,6,1,1,Import,410,Rep. of Korea,KOR,0,World,WLD,,,,,,,,271129,"Petroleum gases and other gaseous hydrocarbons; in gaseous state, other than natural gas",8,Weight in kilograms,31196,,,,31196,,644610,,,6
H5,2020,2020,2020,6,1,2,Export,410,Rep. of Korea,KOR,0,World,WLD,,,,,,,,271129,"Petroleum gases and other gaseous hydrocarbons; in gaseous state, other than natural gas",8,Weight in kilograms,1587,,,,1587,,98795,,,0
H5,2020,2020,2020,6,1,1,Import,417,Kyrgyzstan,KGZ,0,World,WLD,,,,,,,,271129,"Petroleum gases and other gaseous hydrocarbons; in gaseous state, other than natural gas",8,Weight in kilograms,487260,,,,487260,,121813,,,0
H5,2020,2020,2020,6,1,2,Export,417,Kyrgyzstan,KGZ,0,World,WLD,,,,,,,,271129,"Petroleum gases and other gaseous hydrocarbons; in gaseous state, other than natural gas",8,Weight in kilograms,50613,,,,50613,,35963,,,0
H5,2020,2020,2020,6,1,2,Export,422,Lebanon,LBN,0,World,WLD,,,,,,,,271129,"Petroleum gases and other gaseous hydrocarbons; in gaseous state, other than natural gas",8,Weight in kilograms,19200,,,,19200,,36918,,,0
H5,2020,2020,2020,6,1,1,Import,428,Latvia,LVA,0,World,WLD,,,,,,,,271129,"Petroleum gases and other gaseous hydrocarbons; in gaseous state, other than natural gas",8,Weight in kilograms,220893,,,,220893,,140449,,,0
H5,2020,2020,2020,6,1,2,Export,428,Latvia,LVA,0,World,WLD,,,,,,,,271129,"Petroleum gases and other gaseous hydrocarbons; in gaseous state, other than natural gas",8,Weight in kilograms,4039,,,,4039,,5164,,,6
H5,2020,2020,2020,6,1,1,Import,440,Lithuania,LTU,0,World,WLD,,,,,,,,271129,"Petroleum gases and other gaseous hydrocarbons; in gaseous state, other than natural gas",8,Weight in kilograms,24296,,,,24296,,132521,,,0
H5,2020,2020,2020,6,1,2,Export,440,Lithuania,LTU,0,World,WLD,,,,,,,,271129,"Petroleum gases and other gaseous hydrocarbons; in gaseous state, other than natural gas",8,Weight in kilograms,1584,,,,1584,,14899,,,0
H5,2020,2020,2020,6,1,1,Import,442,Luxembourg,LUX,0,World,WLD,,,,,,,,271129,"Petroleum gases and other gaseous hydrocarbons; in gaseous state, other than natural gas",8,Weight in kilograms,25121,,,,25121,,63768,,,0
H5,2020,2020,2020,6,1,2,Export,442,Luxembourg,LUX,0,World,WLD,,,,,,,,271129,"Petroleum gases and other gaseous hydrocarbons; in gaseous state, other than natural gas",8,Weight in kilograms,416,,,,416,,5439,,,0
H5,2020,2020,2020,6,1,1,Import,458,Malaysia,MYS,0,World,WLD,,,,,,,,271129,"Petroleum gases and other gaseous hydrocarbons; in gaseous state, other than natural gas",8,Weight in kilograms,1656,,,,1656,,15204,,,0
H5,2020,2020,2020,6,1,2,Export,458,Malaysia,MYS,0,World,WLD,,,,,,,,271129,"Petroleum gases and other gaseous hydrocarbons; in gaseous state, other than natural gas",8,Weight in kilograms,1056788912,,,,1056788912,,314358294,,,0
H5,2020,2020,2020,6,1,1,Import,480,Mauritius,MUS,0,World,WLD,,,,,,,,271129,"Petroleum gases and other gaseous hydrocarbons; in gaseous state, other than natural gas",8,Weight in kilograms,47,,,,47,,222,,,0
H5,2020,2020,2020,6,1,1,Import,490,"Other Asia, nes",,0,World,WLD,,,,,,,,271129,"Petroleum gases and other gaseous hydrocarbons; in gaseous state, other than natural gas",8,Weight in kilograms,68365,,,,,,143087,,,6
H5,2020,2020,2020,6,1,2,Export,490,"Other Asia, nes",,0,World,WLD,,,,,,,,271129,"Petroleum gases and other gaseous hydrocarbons; in gaseous state, other than natural gas",8,Weight in kilograms,642,,,,,,544,,,6
H5,2020,2020,2020,6,1,1,Import,498,Rep. of Moldova,MDA,0,World,WLD,,,,,,,,271129,"Petroleum gases and other gaseous hydrocarbons; in gaseous state, other than natural gas",8,Weight in kilograms,24,,,,24,,212,,,6
H5,2020,2020,2020,6,1,1,Import,499,Montenegro,MNE,0,World,WLD,,,,,,,,271129,"Petroleum gases and other gaseous hydrocarbons; in gaseous state, other than natural gas",8,Weight in kilograms,14679,,,,14679,,26924,,,0
H5,2020,2020,2020,6,1,2,Export,499,Montenegro,MNE,0,World,WLD,,,,,,,,271129,"Petroleum gases and other gaseous hydrocarbons; in gaseous state, other than natural gas",8,Weight in kilograms,65,,,,65,,784,,,0
H5,2020,2020,2020,6,1,1,Import,516,Namibia,NAM,0,World,WLD,,,,,,,,271129,"Petroleum gases and other gaseous hydrocarbons; in gaseous state, other than natural gas",8,Weight in kilograms,59023,,,,59023,,54886,,,0
H5,2020,2020,2020,6,1,2,Export,516,Namibia,NAM,0,World,WLD,,,,,,,,271129,"Petroleum gases and other gaseous hydrocarbons; in gaseous state, other than natural gas",8,Weight in kilograms,90869,,,,90869,,98058,,,0
H5,2020,2020,2020,6,1,3,Re-Export,516,Namibia,NAM,0,World,WLD,,,,,,,,271129,"Petroleum gases and other gaseous hydrocarbons; in gaseous state, other than natural gas",8,Weight in kilograms,978,,,,978,,3542,,,0
H5,2020,2020,2020,6,1,1,Import,528,Netherlands,NLD,0,World,WLD,,,,,,,,271129,"Petroleum gases and other gaseous hydrocarbons; in gaseous state, other than natural gas",8,Weight in kilograms,190374,,,,190374,,1186164,,,6
H5,2020,2020,2020,6,1,2,Export,528,Netherlands,NLD,0,World,WLD,,,,,,,,271129,"Petroleum gases and other gaseous hydrocarbons; in gaseous state, other than natural gas",8,Weight in kilograms,72894077,,,,72894077,,21874220,,,6
H5,2020,2020,2020,6,1,1,Import,554,New Zealand,NZL,0,World,WLD,,,,,,,,271129,"Petroleum gases and other gaseous hydrocarbons; in gaseous state, other than natural gas",8,Weight in kilograms,1011677,,,,,,1472173,,,6
H5,2020,2020,2020,6,1,2,Export,554,New Zealand,NZL,0,World,WLD,,,,,,,,271129,"Petroleum gases and other gaseous hydrocarbons; in gaseous state, other than natural gas",1,No Quantity,0,,,,,,16864,,,6
H5,2020,2020,2020,6,1,3,Re-Export,554,New Zealand,NZL,0,World,WLD,,,,,,,,271129,"Petroleum gases and other gaseous hydrocarbons; in gaseous state, other than natural gas",1,No Quantity,0,,,,0,,10779,,,0
H5,2020,2020,2020,6,1,1,Import,579,Norway,NOR,0,World,WLD,,,,,,,,271129,"Petroleum gases and other gaseous hydrocarbons; in gaseous state, other than natural gas",8,Weight in kilograms,42733,,,,42733,,397041,,,0
H5,2020,2020,2020,6,1,2,Export,579,Norway,NOR,0,World,WLD,,,,,,,,271129,"Petroleum gases and other gaseous hydrocarbons; in gaseous state, other than natural gas",8,Weight in kilograms,1270,,,,1270,,25337,,,0
H5,2020,2020,2020,6,1,1,Import,586,Pakistan,PAK,0,World,WLD,,,,,,,,271129,"Petroleum gases and other gaseous hydrocarbons; in gaseous state, other than natural gas",8,Weight in kilograms,16385,,,,,,23843,,,6
H5,2020,2020,2020,6,1,1,Import,608,Philippines,PHL,0,World,WLD,,,,,,,,271129,"Petroleum gases and other gaseous hydrocarbons; in gaseous state, other than natural gas",8,Weight in kilograms,37,,,,37,,1937,,,0
H5,2020,2020,2020,6,1,1,Import,616,Poland,POL,0,World,WLD,,,,,,,,271129,"Petroleum gases and other gaseous hydrocarbons; in gaseous state, other than natural gas",8,Weight in kilograms,6337,,,,6337,,116583,,,6
H5,2020,2020,2020,6,1,2,Export,616,Poland,POL,0,World,WLD,,,,,,,,271129,"Petroleum gases and other gaseous hydrocarbons; in gaseous state, other than natural gas",8,Weight in kilograms,5580126,,,,5580126,,2601599,,,6
H5,2020,2020,2020,6,1,1,Import,620,Portugal,PRT,0,World,WLD,,,,,,,,271129,"Petroleum gases and other gaseous hydrocarbons; in gaseous state, other than natural gas",8,Weight in kilograms,9317,,,,9317,,116997,,,6
H5,2020,2020,2020,6,1,2,Export,620,Portugal,PRT,0,World,WLD,,,,,,,,271129,"Petroleum gases and other gaseous hydrocarbons; in gaseous state, other than natural gas",8,Weight in kilograms,1522,,,,1522,,26697,,,0
H5,2020,2020,2020,6,1,1,Import,634,Qatar,QAT,0,World,WLD,,,,,,,,271129,"Petroleum gases and other gaseous hydrocarbons; in gaseous state, other than natural gas",8,Weight in kilograms,14093,,,,14093,,302780,,,0
H5,2020,2020,2020,6,1,1,Import,642,Romania,ROU,0,World,WLD,,,,,,,,271129,"Petroleum gases and other gaseous hydrocarbons; in gaseous state, other than natural gas",8,Weight in kilograms,3677,,,,3677,,72335,,,0
H5,2020,2020,2020,6,1,2,Export,642,Romania,ROU,0,World,WLD,,,,,,,,271129,"Petroleum gases and other gaseous hydrocarbons; in gaseous state, other than natural gas",8,Weight in kilograms,32,,,,32,,131,,,0
H5,2020,2020,2020,6,1,1,Import,686,Senegal,SEN,0,World,WLD,,,,,,,,271129,"Petroleum gases and other gaseous hydrocarbons; in gaseous state, other than natural gas",8,Weight in kilograms,25628,,,,25628,,18935,,,0
H5,2020,2020,2020,6,1,1,Import,688,Serbia,SRB,0,World,WLD,,,,,,,,271129,"Petroleum gases and other gaseous hydrocarbons; in gaseous state, other than natural gas",8,Weight in kilograms,1574,,,,1574,,25253,,,6
H5,2020,2020,2020,6,1,2,Export,688,Serbia,SRB,0,World,WLD,,,,,,,,271129,"Petroleum gases and other gaseous hydrocarbons; in gaseous state, other than natural gas",8,Weight in kilograms,1903,,,,1903,,36708,,,0
H5,2020,2020,2020,6,1,1,Import,699,India,IND,0,World,WLD,,,,,,,,271129,"Petroleum gases and other gaseous hydrocarbons; in gaseous state, other than natural gas",8,Weight in kilograms,8523,,,,8523,,228165,,,6
H5,2020,2020,2020,6,1,2,Export,699,India,IND,0,World,WLD,,,,,,,,271129,"Petroleum gases and other gaseous hydrocarbons; in gaseous state, other than natural gas",8,Weight in kilograms,9100,,,,9100,,22502,,,0
H5,2020,2020,2020,6,1,1,Import,702,Singapore,SGP,0,World,WLD,,,,,,,,271129,"Petroleum gases and other gaseous hydrocarbons; in gaseous state, other than natural gas",8,Weight in kilograms,469769,,,,,,683599,,,6
H5,2020,2020,2020,6,1,2,Export,702,Singapore,SGP,0,World,WLD,,,,,,,,271129,"Petroleum gases and other gaseous hydrocarbons; in gaseous state, other than natural gas",8,Weight in kilograms,931024,,,,,,789531,,,6
H5,2020,2020,2020,6,1,1,Import,703,Slovakia,SVK,0,World,WLD,,,,,,,,271129,"Petroleum gases and other gaseous hydrocarbons; in gaseous state, other than natural gas",8,Weight in kilograms,18957,,,,18957,,225107,,,0
H5,2020,2020,2020,6,1,2,Export,703,Slovakia,SVK,0,World,WLD,,,,,,,,271129,"Petroleum gases and other gaseous hydrocarbons; in gaseous state, other than natural gas",8,Weight in kilograms,9494,,,,9494,,95353,,,0
H5,2020,2020,2020,6,1,1,Import,704,Viet Nam,VNM,0,World,WLD,,,,,,,,271129,"Petroleum gases and other gaseous hydrocarbons; in gaseous state, other than natural gas",8,Weight in kilograms,151420,,,,,,220344,,,6
H5,2020,2020,2020,6,1,2,Export,704,Viet Nam,VNM,0,World,WLD,,,,,,,,271129,"Petroleum gases and other gaseous hydrocarbons; in gaseous state, other than natural gas",8,Weight in kilograms,2040,,,,,,1730,,,6
H5,2020,2020,2020,6,1,1,Import,705,Slovenia,SVN,0,World,WLD,,,,,,,,271129,"Petroleum gases and other gaseous hydrocarbons; in gaseous state, other than natural gas",8,Weight in kilograms,1637,,,,1637,,12104,,,0
H5,2020,2020,2020,6,1,2,Export,705,Slovenia,SVN,0,World,WLD,,,,,,,,271129,"Petroleum gases and other gaseous hydrocarbons; in gaseous state, other than natural gas",8,Weight in kilograms,2120,,,,2120,,29797,,,0
H5,2020,2020,2020,6,1,1,Import,710,South Africa,ZAF,0,World,WLD,,,,,,,,271129,"Petroleum gases and other gaseous hydrocarbons; in gaseous state, other than natural gas",8,Weight in kilograms,126846485,,,,126846485,,48159480,,,0
H5,2020,2020,2020,6,1,2,Export,710,South Africa,ZAF,0,World,WLD,,,,,,,,271129,"Petroleum gases and other gaseous hydrocarbons; in gaseous state, other than natural gas",8,Weight in kilograms,2241130,,,,2241130,,1334461,,,0
H5,2020,2020,2020,6,1,1,Import,716,Zimbabwe,ZWE,0,World,WLD,,,,,,,,271129,"Petroleum gases and other gaseous hydrocarbons; in gaseous state, other than natural gas",8,Weight in kilograms,156872,,,,156872,,95396,,,0
H5,2020,2020,2020,6,1,1,Import,724,Spain,ESP,0,World,WLD,,,,,,,,271129,"Petroleum gases and other gaseous hydrocarbons; in gaseous state, other than natural gas",8,Weight in kilograms,9082,,,,9082,,129273,,,0
H5,2020,2020,2020,6,1,2,Export,724,Spain,ESP,0,World,WLD,,,,,,,,271129,"Petroleum gases and other gaseous hydrocarbons; in gaseous state, other than natural gas",8,Weight in kilograms,42013,,,,42013,,41704,,,0
H5,2020,2020,2020,6,1,1,Import,752,Sweden,SWE,0,World,WLD,,,,,,,,271129,"Petroleum gases and other gaseous hydrocarbons; in gaseous state, other than natural gas",8,Weight in kilograms,23226,,,,23226,,336481,,,6
H5,2020,2020,2020,6,1,2,Export,752,Sweden,SWE,0,World,WLD,,,,,,,,271129,"Petroleum gases and other gaseous hydrocarbons; in gaseous state, other than natural gas",8,Weight in kilograms,4176064,,,,4176064,,3969425,,,6
H5,2020,2020,2020,6,1,1,Import,757,Switzerland,CHE,0,World,WLD,,,,,,,,271129,"Petroleum gases and other gaseous hydrocarbons; in gaseous state, other than natural gas",8,Weight in kilograms,7540,,,,7540,,105314,,,6
H5,2020,2020,2020,6,1,2,Export,757,Switzerland,CHE,0,World,WLD,,,,,,,,271129,"Petroleum gases and other gaseous hydrocarbons; in gaseous state, other than natural gas",8,Weight in kilograms,760,,,,760,,176044,,,6
H5,2020,2020,2020,6,1,1,Import,764,Thailand,THA,0,World,WLD,,,,,,,,271129,"Petroleum gases and other gaseous hydrocarbons; in gaseous state, other than natural gas",8,Weight in kilograms,7678,,,,7678,,139431,,,6
H5,2020,2020,2020,6,1,2,Export,764,Thailand,THA,0,World,WLD,,,,,,,,271129,"Petroleum gases and other gaseous hydrocarbons; in gaseous state, other than natural gas",8,Weight in kilograms,1950,,,,1950,,3956,,,6
H5,2020,2020,2020,6,1,2,Export,768,Togo,TGO,0,World,WLD,,,,,,,,271129,"Petroleum gases and other gaseous hydrocarbons; in gaseous state, other than natural gas",8,Weight in kilograms,45,,,,4992,,50338,,,0
H5,2020,2020,2020,6,1,3,Re-Export,768,Togo,TGO,0,World,WLD,,,,,,,,271129,"Petroleum gases and other gaseous hydrocarbons; in gaseous state, other than natural gas",8,Weight in kilograms,45,,,,4992,,50338,,,0
H5,2020,2020,2020,6,1,1,Import,792,Turkey,TUR,0,World,WLD,,,,,,,,271129,"Petroleum gases and other gaseous hydrocarbons; in gaseous state, other than natural gas",8,Weight in kilograms,18270,,,,18270,,269135,,,0
H5,2020,2020,2020,6,1,2,Export,792,Turkey,TUR,0,World,WLD,,,,,,,,271129,"Petroleum gases and other gaseous hydrocarbons; in gaseous state, other than natural gas",8,Weight in kilograms,4999,,,,4999,,13191,,,0
H5,2020,2020,2020,6,1,1,Import,800,Uganda,UGA,0,World,WLD,,,,,,,,271129,"Petroleum gases and other gaseous hydrocarbons; in gaseous state, other than natural gas",8,Weight in kilograms,170,,,,170,,4296,,,0
H5,2020,2020,2020,6,1,1,Import,804,Ukraine,UKR,0,World,WLD,,,,,,,,271129,"Petroleum gases and other gaseous hydrocarbons; in gaseous state, other than natural gas",8,Weight in kilograms,5644,,,,5644,,26050,,,0
H5,2020,2020,2020,6,1,1,Import,807,North Macedonia,MKD,0,World,WLD,,,,,,,,271129,"Petroleum gases and other gaseous hydrocarbons; in gaseous state, other than natural gas",8,Weight in kilograms,378,,,,378,,2553,,,0
H5,2020,2020,2020,6,1,1,Import,826,United Kingdom,GBR,0,World,WLD,,,,,,,,271129,"Petroleum gases and other gaseous hydrocarbons; in gaseous state, other than natural gas",8,Weight in kilograms,309270,,,,309270,,1028578,,,0
H5,2020,2020,2020,6,1,2,Export,826,United Kingdom,GBR,0,World,WLD,,,,,,,,271129,"Petroleum gases and other gaseous hydrocarbons; in gaseous state, other than natural gas",8,Weight in kilograms,151922,,,,151922,,2948614,,,6
H5,2020,2020,2020,6,1,1,Import,842,USA,USA,0,World,WLD,,,,,,,,271129,"Petroleum gases and other gaseous hydrocarbons; in gaseous state, other than natural gas",8,Weight in kilograms,671560986,,,,671560986,,10573120,,,0
H5,2020,2020,2020,6,1,2,Export,842,USA,USA,0,World,WLD,,,,,,,,271129,"Petroleum gases and other gaseous hydrocarbons; in gaseous state, other than natural gas",8,Weight in kilograms,1242334416,,,,1242334416,,8915239,,,0
H5,2020,2020,2020,6,1,3,Re-Export,842,USA,USA,0,World,WLD,,,,,,,,271129,"Petroleum gases and other gaseous hydrocarbons; in gaseous state, other than natural gas",8,Weight in kilograms,10382541,,,,10382541,,168159,,,0
H5,2020,2020,2020,6,1,1,Import,858,Uruguay,URY,0,World,WLD,,,,,,,,271129,"Petroleum gases and other gaseous hydrocarbons; in gaseous state, other than natural gas",8,Weight in kilograms,100,,,,100,,300,,,0
H5,2020,2020,2020,6,1,1,Import,860,Uzbekistan,UZB,0,World,WLD,,,,,,,,271129,"Petroleum gases and other gaseous hydrocarbons; in gaseous state, other than natural gas",8,Weight in kilograms,11,,,,11,,4188,,,0
H5,2020,2020,2020,6,1,1,Import,894,Zambia,ZMB,0,World,WLD,,,,,,,,271129,"Petroleum gases and other gaseous hydrocarbons; in gaseous state, other than natural gas",8,Weight in kilograms,61,,,,61,,1389,,,0
H5,2020,2020,2020,6,1,2,Export,894,Zambia,ZMB,0,World,WLD,,,,,,,,271129,"Petroleum gases and other gaseous hydrocarbons; in gaseous state, other than natural gas",8,Weight in kilograms,93240,,,,93240,,74184,,,0
H4,2020,2020,2020,6,1,1,Import,180,Dem. Rep. of the Congo,COD,0,World,WLD,,,,,,,,271129,"Petroleum gases and other gaseous hydrocarbons; in gaseous state, other than natural gas",8,Weight in kilograms,27434,,,,27434,,26677,,,0
H4,2020,2020,2020,6,1,1,Import,484,Mexico,MEX,0,World,WLD,,,,,,,,271129,"Petroleum gases and other gaseous hydrocarbons; in gaseous state, other than natural gas",12,Volume in cubic meters,213,,,,0,,10559,,,0
H4,2020,2020,2020,6,1,1,Import,533,Aruba,ABW,0,World,WLD,,,,,,,,271129,"Petroleum gases and other gaseous hydrocarbons; in gaseous state, other than natural gas",8,Weight in kilograms,68016,,,,68016,,194680,,,0
H4,2020,2020,2020,6,1,2,Export,533,Aruba,ABW,0,World,WLD,,,,,,,,271129,"Petroleum gases and other gaseous hydrocarbons; in gaseous state, other than natural gas",8,Weight in kilograms,450,,,,450,,2476,,,0
